name,Lon,Lat
0,150.281738445677,-22.3410240197901
1,150.745742070318,-20.2465881819345
2,145.221645404393,-14.4566970401524
3,150.876340829086,-20.6128261785266
4,151.911797112204,-23.2920354874076
5,149.911515123386,-21.9074660369687
6,150.982377627304,-22.7049714973636
7,150.407642456013,-20.1449455711332
8,151.158435390483,-21.2647438567252
9,144.150108090884,-13.6638726723181
10,143.624575520697,-13.0326252252349
11,152.262287671967,-20.9583251869524
12,149.313162940431,-21.3145092013755
13,146.526448504611,-17.5327576848302
14,143.824843901608,-12.7191950531813
15,146.581071010397,-17.2840816017547
16,152.513680778728,-21.7869871952286
17,143.849298077762,-13.559693806313
18,143.86572843545,-11.9488160584724
19,150.564861647379,-20.2980160984647
20,143.215553508678,-11.1602227086772
21,143.339062354319,-11.0250157756272
22,147.540896334224,-18.7284598854418
23,150.736370140482,-22.4317196756111
24,142.978012487881,-11.7516658028098
25,144.046139217097,-11.268397708224
26,143.569882942824,-11.1698719875249
27,149.286897104732,-19.3898799444082
28,145.52919870388,-14.8537164831077
29,143.578789367419,-13.310347538614
30,147.903581510566,-19.3602539282914
31,144.597885199449,-14.1642752957836
32,151.319040081094,-23.7657297597809
33,145.723691681013,-16.058255396893
34,143.810175859012,-12.3524985698194
35,149.054101940444,-20.4623466232539
36,150.906326396624,-21.2565517217434
37,150.246715846842,-20.0243779993062
38,146.3453451949,-16.7796821776375
39,152.346725255857,-21.1111487717793
40,150.113536726743,-19.8040969442169
41,143.305312539475,-10.3926680669789
42,145.690541241314,-16.1635795189879
43,148.190458797537,-19.0783073415068
44,148.963243979702,-19.5326074832535
45,143.887088064013,-13.0569182856403
46,143.818321947349,-12.0641574521749
47,151.763822031879,-22.874486234759
48,145.061741730928,-14.2645062753686
49,148.727993462241,-20.2485825455165
50,143.739531505035,-13.9503977782798
51,149.391691253615,-19.5506385520281
52,146.312261197221,-17.1881833859464
53,149.067296765295,-19.1244475643028
54,143.875137435287,-11.7967713048861
55,150.90228854175,-20.4302067864336
56,146.350150737261,-17.0950029482
57,147.066083255313,-18.6465684459958
58,150.693268379648,-21.0526699183106
59,151.968774572436,-21.8537653270208
60,149.182235646989,-20.7234333471794
61,148.86037400317,-20.3706846165982
62,142.747882393316,-10.8186480401093
63,143.384401857654,-11.298656472126
64,144.064793848869,-11.4827803805716
65,148.915482809762,-19.1967274690204
66,147.589232959866,-18.6013014930301
67,150.095232218473,-20.5677816322206
68,146.467036030966,-17.2521537838046
69,145.54195569366,-16.5451745763715
70,149.087949398055,-20.6625168277611
71,151.463624524418,-20.8993677718974
72,150.784566836805,-20.7023993624871
73,151.818956567919,-21.3832582624843
74,152.403755517299,-21.7897344466471
75,143.474263610607,-12.7769822774703
76,149.658530467789,-21.9567886061698
77,151.224969283793,-20.9492268502589
78,143.915008180368,-10.5405711748208
79,143.406169468541,-10.4834259722428
80,150.741695110388,-20.5662319255855
81,152.141172199626,-21.6211505096098
82,143.905635792656,-14.0712585229569
83,152.358117603733,-22.0753417550341
84,144.95656350789,-14.4606661880744
85,144.923796594951,-14.5941748224453
86,152.188238258646,-21.5383953729092
87,148.165610848783,-18.8518280962929
88,148.73621463657,-20.6563316053288
89,145.619738007665,-15.4885829590215
90,151.145213882775,-21.3309734394678
91,149.274872724503,-21.1540601842426
92,150.990770309646,-21.2518808605093
93,146.476238033542,-17.0199755707682
94,143.531641663313,-10.4020290891978
95,143.185918520622,-11.5556167712379
96,145.509492655103,-14.4746677710472
97,150.818510924262,-20.2749314680556
98,148.544889533993,-20.0407236983566
99,151.383822124702,-20.9604285331057
100,150.30960700734,-21.671910233056
101,149.085065805759,-20.1447574590463
102,143.883052179332,-11.5240570196216
103,150.148508326256,-21.9698155309406
104,152.362181297077,-21.8812801015459
105,143.01275511393,-11.2562148806449
106,152.69139879155,-22.048096604813
107,143.212737707998,-11.7200849163779
108,143.81238596707,-13.0251390275486
109,151.094477151616,-21.0344631763711
110,144.739254743311,-14.2396259939358
111,143.778593641231,-14.2360017412969
112,148.257524982938,-18.8903683792053
113,149.007202427064,-20.3443952660497
114,150.277746982796,-19.9022375458642
115,150.822734504641,-23.319583408312
116,147.731323326628,-18.9181866157247
117,143.955406329602,-10.6736003976772
118,151.416642275593,-21.5009152999167
119,149.752490992248,-20.9595984846524
120,151.437340370014,-21.1591168670059
121,143.778323921427,-12.9255560462198
122,143.956347554747,-12.058185367393
123,148.555979813826,-19.055312554745
124,145.533656569341,-14.7640743030919
125,149.55520514367,-21.7273821106392
126,143.517595385754,-11.5741193707495
127,152.608442381688,-21.8019664186631
128,150.472940601259,-22.3593935261475
129,143.147470530583,-11.3610306267182
130,144.811229102114,-14.3129051461433
131,148.440288844505,-19.0263158238536
132,152.388408575641,-20.9868297137114
133,152.056331317334,-21.9634056159737
134,152.550895144098,-21.492715202106
135,147.549619524822,-18.4303965372809
136,143.530751571669,-11.2613664293854
137,152.549049997402,-21.7008170530475
138,143.256641362025,-10.565972207043
139,149.594377288375,-19.5537412908323
140,152.004598298195,-21.3683923223421
141,149.94537078503,-20.0488489396934
142,150.915034809993,-20.7147206255086
143,144.754444301222,-14.1755047337303
144,149.813336099854,-20.0605072166356
145,146.46399960855,-17.6325649414985
146,149.377236142436,-19.6947854810851
147,143.422708510463,-11.5855211419935
148,149.727411638168,-19.9967756307145
149,152.159289195607,-20.9210742173244
150,150.28434018287,-20.4740708190994
151,145.815456613111,-16.108167679677
152,143.763265661363,-11.0624695604733
153,150.521134921465,-21.0030455448421
154,152.690396226889,-22.1673265115132
155,143.061898911926,-10.6246026204779
156,148.627463512625,-19.3335545038741
157,146.544374120471,-17.1863592348183
158,152.160242849409,-23.6565971128424
159,152.54135534085,-21.5605114465329
160,151.904418215203,-21.4497438473267
161,147.064267498758,-19.2113870829148
162,143.538562263255,-13.004063228825
163,145.525819765983,-15.042297946326
164,150.922829016003,-21.6779129829877
165,149.099675172313,-19.8003851078116
166,143.388551899815,-10.9393824777525
167,146.013647297125,-16.5627407267478
168,152.421807212833,-21.318836368401
169,142.850172343729,-11.2539179295031
170,151.384071857936,-21.0629549560274
171,150.085426463602,-19.7544597920272
172,146.043791734524,-16.626616674633
173,150.08048285538,-20.968960684122
174,149.733000671623,-19.7774089719508
175,152.12785923874,-21.4462354315225
176,149.937883511671,-20.134706494637
177,145.50927268443,-15.6659159137242
178,150.348385640461,-19.9526450374808
179,145.734929806192,-15.1848921369243
180,151.361907038613,-21.161103837923
181,151.554669427366,-21.2999001239707
182,148.685896059478,-20.1075213908471
183,149.632713209366,-19.7883783903514
184,149.37022441978,-21.457236159274
185,143.868891460613,-11.5746177299099
186,143.549731258912,-11.3653294531872
187,143.754943000057,-12.3977838910093
188,151.979148523478,-21.1743632203508
189,147.048949694055,-18.5026840883964
190,151.796279470681,-23.0316464858229
191,143.627841502335,-12.8698704306083
192,152.417920871034,-21.945097058127
193,149.796836754459,-19.7064008268266
194,151.566516809289,-20.9000094192643
195,142.702387099605,-10.9257959115827
196,150.608083976746,-20.3016754255843
197,144.668433177377,-14.0904739352609
198,150.446987262566,-20.6387218908375
199,143.227740961436,-10.6444451615429
200,143.985320648819,-11.5184262927452
201,145.258144028765,-14.6706917530991
202,146.798513585692,-17.9383677776129
203,152.545377597658,-21.3612353228653
204,143.475757379702,-10.4709694652443
205,145.573298645305,-15.1412873607984
206,152.28603329493,-21.9437157321128
207,143.562391967812,-12.6335785500227
208,143.770060233341,-11.4092756673417
209,147.029447344355,-18.4375320668487
210,150.266551679676,-21.4948079342191
211,143.82331096974,-11.2593576193089
212,150.807212684399,-20.5510819621282
213,149.585669079744,-21.4195328742801
214,143.946009611115,-13.8828057805741
215,143.111175266887,-10.516438973552
216,151.770796864187,-23.2916811227515
217,152.217121666684,-21.6835227872108
218,152.592120569279,-22.2586745297495
219,149.268936368794,-19.5401682706487
220,150.79504165183,-20.618569939158
221,150.63845269584,-22.0147647825674
222,143.431633910429,-11.1528227319366
223,145.6048269334,-14.5715542629405
224,143.864956179421,-13.7530931901417
225,150.757258247647,-20.1650573376688
226,150.428052567174,-20.695065725971
227,149.858757901093,-22.1895592836452
228,147.938979115739,-18.9053131384012
229,149.011337404932,-19.3538701046826
230,144.034916837269,-11.0735162566304
231,146.532554417597,-18.7847095921171
232,149.735138314367,-19.6784240324273
233,152.595543351539,-21.3009939483713
234,144.005642198426,-10.8296469557357
235,143.211693410443,-10.9278715688461
236,143.177921323228,-12.3046862678953
237,145.583492820999,-15.358046205276
238,142.928618252787,-11.7723334100311
239,143.229797969985,-10.8777032344825
240,144.053360367591,-13.8560664194027
241,145.700116359898,-14.9822287950402
242,149.55719458986,-19.6762483501089
243,151.715235531055,-21.1066871171304
244,143.669080118783,-10.8927697563932
245,148.008403449011,-18.8160416579979
246,150.195246989334,-19.9296772143673
247,152.52361246191,-21.1927379342987
248,148.85364495079,-20.7942833000048
249,150.199268906461,-20.344697003547
250,148.61689485304,-19.2618616071122
251,143.724730019506,-13.6557367797901
252,142.926745344281,-11.6048563746097
253,148.548859636203,-19.2039411215897
254,143.844236807048,-11.1864905386261
255,151.681684468315,-21.2937797897441
256,151.198302668416,-21.4862808300931
257,145.341209409744,-14.3936720782421
258,144.647172572601,-14.3423331198534
259,149.654562632673,-19.6218478195413
260,145.718221725083,-15.0655117320994
261,152.271374051418,-22.1025505164923
262,142.974267406031,-10.8011982148518
263,146.130083570724,-17.7666976358041
264,143.874856099941,-13.1958222195697
265,150.963451547547,-20.8791116157407
266,150.270974432989,-22.1706435026527
267,152.521141794713,-22.1823006000349
268,151.005281145205,-20.6717275470819
269,149.118973055447,-20.4726486958327
270,143.536530849273,-10.9066907755882
271,152.322983396759,-21.5829725247
272,149.734523471515,-19.8372904347036
273,149.712714139015,-19.5109193474353
274,143.279954226342,-11.9609852596811
275,151.234254263117,-20.8493081300136
276,145.456056731304,-14.67391398216
277,143.83100840446,-12.8278940735368
278,151.866142485777,-20.9279314302237
279,149.851236915001,-21.5897603251879
280,152.573554606214,-22.0404628819538
281,143.656947386217,-13.1139139097519
282,152.454490989966,-21.6665574295436
283,145.243726240871,-14.3189432736094
284,151.279971562543,-21.211842731937
285,151.547016951378,-21.7043512873802
286,143.974987207099,-10.7367265791555
287,152.208207164469,-21.0590639359289
288,145.94873791579,-16.6541284424692
289,150.847427097699,-20.5014132602212
290,149.909221801926,-21.4925921976548
291,146.668070365819,-18.985920032151
292,146.851273830082,-18.0531119119379
293,143.960143056311,-11.3631076319207
294,145.447802822673,-15.7339268041811
295,151.914222581592,-21.6352343166745
296,144.090522371614,-13.5487568566448
297,143.775710913722,-13.5143791023323
298,143.749963290646,-11.8064938514075
299,151.048035423438,-20.9050339833152
300,152.471652153041,-21.4150634917522
301,152.489916857214,-21.0745784807563
302,149.199363059596,-20.6200719662897
303,149.423892057261,-19.4630125739999
304,150.876125598381,-21.0303562172145
305,148.597444821992,-20.1306289756215
306,149.925891568374,-19.6659121194345
307,149.200074787703,-19.7826170671235
308,149.161166137663,-19.2605281027841
309,152.113835936716,-21.9124647686896
310,149.95815439107,-22.0474822525859
311,143.064596312129,-11.3886085293359
312,152.638944174158,-21.1167999831945
313,149.154262026337,-19.4543037422025
314,152.079513525814,-20.9879329790837
315,152.614587143432,-21.8554896520968
316,143.836936142067,-11.8719085499205
317,150.562158219819,-20.5641951789744
318,145.640756170193,-16.0369909138617
319,143.542994924339,-12.9154228104213
320,143.477285378496,-12.1013727203552
321,149.52836613286,-19.3866133326257
322,144.243118344192,-13.745237928372
323,149.390688050912,-19.775915640611
324,152.295013693884,-21.6335805766239
325,143.567109775161,-11.6708470471655
326,150.89001798818,-23.0623217430004
327,150.674463419963,-20.3515216753543
328,150.80447807844,-21.2091441178946
329,150.433486188556,-22.3131301122143
330,148.785228560383,-20.7401654583182
331,152.507832684062,-22.2703154808879
332,152.520869674961,-21.1202535595255
333,142.817843918341,-11.1802440680941
334,147.90986006718,-18.7667620828907
335,151.50565069505,-21.5383642476473
336,151.763367576668,-21.1367890640569
337,146.267939246234,-16.7162790985451
338,146.351950367962,-17.2989689767779
339,143.97973161169,-14.0059332029982
340,143.604698191346,-13.3879930846196
341,150.217126229737,-21.6168331673848
342,152.284115605339,-21.2687156782386
343,143.297307352852,-11.6067260166602
344,142.735870485954,-10.7096186448452
345,146.204886273984,-16.9970134445811
346,144.387870983918,-13.944903999351
347,151.920279898629,-21.3530869713884
348,146.707594021753,-18.4076443244214
349,146.458215744571,-17.4736922236922
350,152.34350774868,-21.4633186730331
351,144.012016547429,-11.6859956075821
352,152.379185620513,-23.8910328966748
353,143.336946772738,-10.8313897767704
354,149.191972037407,-19.3586376192687
355,149.020360193587,-20.4118410070802
356,145.533445577949,-15.552985724969
357,143.752002977694,-10.7352183810185
358,145.309154147597,-15.1310405203133
359,143.029845630303,-11.1631394638954
360,143.532546528622,-11.4935082173805
361,151.418669356304,-21.4055283322288
362,145.625629963228,-15.6049872264432
363,145.193325710687,-14.7258946707225
364,149.634151223547,-19.4636956099131
365,150.361322442109,-22.2008339874735
366,151.782840859967,-23.5019810333806
367,150.940899336437,-20.7715038790053
368,145.66184334214,-15.9478062820984
369,144.532953464132,-14.1129105284166
370,145.424904000147,-15.4421114736818
371,148.688111033769,-19.0947008753393
372,152.227735613425,-21.9703122574913
373,152.141339149089,-21.7800821014829
374,150.639775680883,-20.1161267573441
375,151.654879507533,-23.5481176767737
376,143.853207553701,-13.9124477769798
377,144.748109684629,-14.3377761458221
378,152.595549163328,-21.9298024689888
379,151.752984343449,-21.7267192905286
380,151.694387645036,-21.3653806077678
381,144.01608252063,-11.0049124829651
382,147.419405739248,-18.486582266607
383,147.376086612491,-18.3977236323326
384,151.038551368101,-21.1787893915179
385,143.975310692411,-11.3223205784909
386,150.431311378196,-20.0570882456162
387,151.400545182811,-20.840506243118
388,151.985501286348,-23.443245453016
389,152.613171480326,-22.1604577093086
390,146.513690042833,-17.7447197815671
391,152.087313880394,-21.6945025575358
392,150.820249990385,-21.0697593385723
393,147.192575062984,-18.3537911305669
394,150.657550478781,-20.9502477012316
395,152.437175405356,-21.8790926623171
396,149.654846726482,-19.9717644805385
397,143.707680171504,-13.0850981957404
398,151.738508066588,-20.9730140655924
399,143.977526779937,-13.4323777949561
400,145.276635912375,-14.8384913791724
401,143.983366890987,-11.7930608824588
402,146.550239191424,-17.4208712429027
403,151.157876455075,-20.7990006124311
404,149.704091396773,-21.4901962063278
405,143.910029989489,-13.6120657253597
406,143.809308941519,-12.1313421762822
407,143.545892272262,-12.3741919153284
408,143.401737844351,-10.7700549461024
409,143.742574556854,-13.410261880721
410,149.772021274931,-21.6169810291683
411,150.756131727053,-20.4233447810271
412,147.145145358846,-18.5231800501639
413,150.931246855743,-23.3298677749407
414,152.201313576406,-21.3932272805426
415,152.394965098149,-21.6664251123817
416,148.934634865237,-20.3265207576071
417,144.52364338328,-13.9824081192026
418,149.141543407216,-20.6926686451414
419,151.602388525211,-21.6297848750323
420,150.321484326786,-21.7368614990527
421,151.974627470875,-21.5754242164599
422,152.349703636799,-21.7495145800592
423,143.900138258548,-11.6391299105664
424,143.463025910302,-10.8850681870696
425,149.764515622102,-19.937232607643
426,142.962150270499,-11.3902163146679
427,143.581539778102,-10.4493326560065
428,152.692398418542,-21.9535693345388
429,150.624068441916,-20.5097136436883
430,151.391407705114,-21.2471072200273
431,143.262151541647,-11.2530481341628
432,149.113175127947,-20.5847241034885
433,145.407540500128,-15.1076996915405
434,152.409059867052,-21.5236232719071
435,149.260726716011,-20.7720905833438
436,149.986623595039,-19.7120695306389
437,151.798289405366,-21.065547482719
438,146.393094388555,-17.7195738053937
439,150.660215062615,-21.1633146318411
440,145.780487240833,-15.3695909884853
441,152.061141693438,-23.4955746970852
442,152.201501789192,-21.7520497907267
443,146.480137561029,-17.1167741651448
444,152.397283424248,-21.2113386242565
445,150.105218596107,-20.350310010016
446,148.10087338663,-18.8274161474993
447,151.208046100881,-21.199607475831
448,143.616342049333,-13.536571324681
449,143.723746911265,-13.2266877666084
450,152.259818500082,-21.0938591496135
451,152.44527020266,-21.1644902474085
452,145.615137203287,-14.8372413935222
453,145.507932355914,-15.4325679278386
454,151.471136783512,-20.9935635246491
455,152.01496967057,-21.6444816961282
456,152.46560949631,-21.5886579189668
457,151.624148372401,-21.5063283085653
458,150.735316533887,-20.6398253200155
459,152.638736475843,-22.3811958824197
460,143.898203584131,-12.2876726906625
461,145.797082964132,-16.0190702399619
462,152.37943312187,-21.5961374305413
463,150.565533501792,-20.0399840485776
464,146.182880252889,-18.0340823264542
465,143.44510357662,-12.6346979307056
466,151.234279351081,-21.0998729727492
467,143.741885845029,-10.4278534757485
468,151.669827128524,-21.0762235547235
469,151.789006914914,-21.6255493785358
470,151.544803245071,-21.2286332762569
471,149.823063429996,-21.9866755387329
472,150.976542467688,-23.1490825886853
473,151.084269282933,-23.1698444395392
474,143.89118608769,-12.0244682038996
475,151.034584727235,-21.3066169772034
476,152.049951686129,-21.4988369340884
477,152.687400407072,-24.2099670419478
478,143.778856245922,-12.5037813486516
479,149.456345196331,-20.7532193610092
480,148.326696534639,-19.0275570966619
481,145.159993389529,-14.8057258496814
482,146.449207004001,-16.9689703817514
483,152.702362128047,-22.3305978749585
484,149.592219272563,-22.151887742056
485,150.512098652858,-20.2585596107723
486,143.312638597114,-11.3930912266629
487,143.638428132291,-13.9279552310657
488,150.985047294563,-20.6282822405519
489,151.358587035055,-23.8503794127707
490,143.381307599286,-10.551423107732
491,145.649217713757,-15.5561996441256
492,143.674703428788,-11.2609200989839
493,149.095494715837,-19.233509643239
494,151.940203024513,-21.5150420492252
495,142.905468308688,-11.8132796909104
496,149.244461585264,-21.1207876683553
497,143.254752158677,-11.9838959891078
498,152.515157983015,-21.4657686219428
499,143.266634320222,-12.1098642405927
500,152.148281866944,-21.1581385158195
501,144.668384214751,-14.4748814113297
502,146.51616872178,-17.822053953967
503,149.491049526657,-21.6026671266798
504,143.352099729289,-12.3419951110569
505,151.563967266392,-20.9702467205053
506,143.500821322785,-10.5527095998884
507,151.479026546623,-21.3633711211396
508,143.985828743021,-11.4683205669213
509,151.664742249487,-23.0909359414705
510,149.092838008893,-20.2645047606781
511,144.890317831141,-14.2004345438828
512,152.38649779643,-21.421365115257
513,149.05890109499,-20.9172472014364
514,151.076705601994,-21.1238510782578
515,149.620311107566,-20.7711533427974
516,148.308759542682,-20.0995792993734
517,150.579318573728,-20.4436005983729
518,152.594584011706,-21.1847794361316
519,145.187821979406,-14.6641126548861
520,149.183662421257,-19.690234026865
521,143.497669591442,-10.9583729209663
522,143.710553322336,-11.5652443399978
523,150.959585162521,-20.4051653086209
524,151.305272302643,-20.8849441112658
525,151.028172080954,-23.4329145039784
526,143.157461813104,-11.4512922310477
527,143.287421997692,-11.8655331824377
528,143.472424413795,-10.8027080324772
529,150.252805839677,-21.0753120504511
530,151.49395032368,-21.0421315200839
531,152.177344013827,-21.1029253501371
532,143.699537626645,-11.9022175132094
533,143.56437516506,-13.7293693963508
534,150.009828611213,-20.0615643517732
535,150.788586147462,-22.5481629201088
536,145.825082242258,-15.9648951766439
537,151.07126719816,-23.3392858957473
538,145.569959549213,-15.0485984001108
539,145.496614662707,-14.9324885176993
540,152.609402049537,-21.0342542719519
541,149.053401308566,-19.5001932981821
542,148.093755269602,-19.0282127796616
543,144.890025092819,-14.4288603598335
544,150.685475201562,-20.416097685724
545,143.390236489725,-11.0608449276708
546,148.860632505409,-19.4214813110302
547,152.274232452453,-21.7225496006269
548,143.652309974839,-10.4582531767693
549,149.982678252654,-20.3068616847346
550,152.30812652079,-21.8372978396434
551,149.230140220375,-19.5330431848684
552,143.681272558432,-11.4457472175747
553,152.480663693458,-21.3523945625252
554,147.420507074677,-18.5391347015341
555,151.586219307753,-21.4442640921521
556,145.55267120097,-15.214311986761
557,150.974781811973,-21.3844282613745
558,150.213253371623,-20.6889530447119
559,149.859286488281,-21.7306168875594
560,152.466839083278,-21.5325535450763
561,150.645880064119,-20.2200200051287
562,147.653380000122,-18.8296085031248
563,147.927667443763,-19.0327460129724
564,151.273012681564,-21.3522623044779
565,143.964819459341,-11.3990714877734
566,150.216347853177,-20.4653246012909
567,151.674392165464,-21.2427059846814
568,152.662600218634,-21.9006384876584
569,145.994468827683,-16.4411329008248
570,149.08500450448,-20.5248729134345
571,144.014284301356,-10.887638086209
572,145.782687522242,-15.7467601611409
573,143.668540759524,-12.9378145970008
574,148.72803640948,-19.4767516819012
575,150.454651624246,-21.0789614364058
576,143.837861736641,-13.9685588679739
577,145.791949937479,-16.3215692356557
578,150.376652573223,-20.8268428076586
579,148.870617413685,-20.602580136817
580,143.945597665365,-13.2723529279789
581,146.489155732624,-18.6582037827786
582,143.51318494719,-12.2452744757243
583,149.856919072763,-19.6197097613316
584,144.050575034985,-11.1420708553363
585,143.700273434162,-10.7823817715231
586,151.903164397754,-23.1861443605862
587,146.37552774122,-16.8686094299513
588,143.286051470683,-12.2399816188649
589,143.821123985294,-10.8101732158323
590,151.279901296109,-21.0558515194143
591,149.482231252391,-20.1439883764788
592,143.555622140292,-13.1812137833025
593,152.490446419407,-22.0852070780357
594,151.090251755486,-20.5331400450056
595,145.743308827717,-15.2693570505385
596,143.673797112841,-10.6142260277082
597,149.043153135767,-19.3237645236776
598,143.833278322844,-12.6087514932312
599,151.811537819528,-21.1724938126761
600,145.08687494963,-14.7763448400972
601,143.441386017613,-10.6235512538652
602,151.006884589242,-20.5491856667372
603,148.545441437815,-18.9251500747086
604,142.623078449757,-10.7681654552932
605,149.579663540392,-21.9762809961338
606,151.980793088329,-21.024389112789
607,143.692326588254,-13.2770434730801
608,145.803417474047,-15.4639881909613
609,145.351903983093,-14.7696035797833
610,149.651184152438,-21.7234834742401
611,147.509735603642,-18.6386357517454
612,152.453062324923,-22.1696355433434
613,145.335914660691,-15.5276766409032
614,145.809670480939,-15.8122159575085
615,151.542773955419,-21.021228648891
616,143.713932463315,-11.1909626516634
617,146.382966795035,-17.3935954469763
618,143.588665422931,-11.0159282726115
619,143.120865345361,-12.2122894362773
620,143.692825075306,-13.4518674898752
621,143.136305377234,-10.9661704965325
622,144.116094503936,-13.9791722210137
623,143.959111111977,-13.1595898089915
624,145.573676653449,-15.2878472272715
625,149.311065114696,-19.7500735854392
626,151.876706185194,-23.4698758672055
627,145.581373601402,-16.6545579116552
628,150.15149000828,-21.5250700600434
629,144.311287069789,-13.8655338401471
630,146.650560608357,-17.7794826725318
631,151.654428775675,-21.4276168833784
632,149.261562889009,-20.8293365302805
633,150.702727616906,-22.337260440464
634,151.174076373589,-23.4139001095645
635,146.054774667651,-16.6947052681907
636,143.988378896355,-11.9489232093509
637,143.015742802511,-11.5565850147861
638,145.574425985567,-15.8727764908932
639,145.499645714201,-16.2982594193704
640,149.775860349965,-22.359231801876
641,142.872737599027,-11.51218555607
642,152.09559316681,-21.1978799245613
643,146.803154377606,-19.2041516259852
644,152.509415391663,-21.2346586238661
645,142.988131891722,-11.8672322860075
646,143.765202471886,-11.466538297149
647,149.481894850022,-21.452741889595
648,146.898076741505,-18.2609700172516
649,143.972182277036,-13.3929377770798
650,151.882240037677,-21.8041738206643
651,150.372419302011,-21.0227504370944
652,143.43318383685,-12.3136056038911
653,144.222623822679,-14.1787408501523
654,150.316511948892,-20.1009132098837
655,147.557060019517,-19.0222858465435
656,145.336040478081,-14.9452757796523
657,152.626156761429,-22.0775516059097
658,149.403375199296,-19.3384864252961
659,145.342531857511,-15.2146163029902
660,153.103685426114,-24.3881547922712
661,143.679099945089,-12.1109442123612
662,146.831822533068,-18.3541160237555
663,148.93820537405,-20.489508831334
664,143.398229827951,-11.4993390527514
665,145.478477189484,-14.8649578824354
666,150.591737604822,-20.3707969538948
667,152.775623929196,-21.1088245567105
668,145.894470562658,-16.8866132243486
669,149.164931078322,-20.2435576632477
670,148.814904277892,-20.2892322194102
671,143.308037861885,-10.9184533059186
672,152.193842650993,-21.8403228439655
673,152.582383306822,-21.433115872545
674,144.863029721228,-14.5446576205623
675,151.617759686929,-23.6742996896559
676,150.839157374708,-21.1441334732878
677,143.759956069249,-10.888151674346
678,150.408046184582,-20.0253275859901
679,143.895156634344,-11.7165529832659
680,148.297123898184,-19.1733433189903
681,149.81322154111,-21.8260391500258
682,150.910082182279,-23.157803121488
683,146.77970273067,-18.0928626423379
684,151.590810552846,-21.1103274116937
685,148.951450458563,-20.8647494229024
686,143.274060961939,-12.3911105097607
687,149.904012236474,-22.4703556030237
688,149.581664945853,-19.8724330442471
689,152.161749077362,-21.3334963900599
690,151.167468322404,-21.1336880280677
691,148.471937534008,-19.135004199322
692,149.794848039526,-21.5209391265882
693,150.858025802037,-23.422013531672
694,150.672424279397,-22.0884264106001
695,146.328147938633,-18.3552159333832
696,145.64701069551,-14.6476982821018
697,143.262788298484,-11.8021814524953
698,143.64306953431,-12.3149520259617
699,150.38141979328,-20.5342363955714
700,150.103265613456,-20.2957769658103
701,146.881651446647,-19.1169763500525
702,144.659761973584,-14.1879205738309
703,147.63655474124,-19.141263809749
704,148.363810516153,-19.9883896326174
705,146.163981495678,-16.6089001323182
706,151.595446611001,-23.4273280342814
707,152.670780364063,-21.2377379323251
708,150.753252477452,-20.377857929976
709,151.121089922515,-20.7180612731001
710,151.017137112835,-20.7412453317527
711,148.816427437029,-19.2093438401454
712,150.217848641997,-19.8637157430414
713,151.486192450276,-23.9611697262406
714,143.718600541793,-10.5200441717832
715,152.078200494345,-21.5884289667023
716,143.791723661188,-12.1846504631848
717,146.681449287625,-17.5663384887438
718,152.272996167439,-21.5411060886346
719,152.465402064099,-21.923027728962
720,143.300520752521,-12.0301270754376
721,143.792741452694,-13.6823463550692
722,142.766391882233,-10.9900222245267
723,149.657948843533,-21.3710364535594
724,150.880756775153,-23.2626089843567
725,143.916697305218,-10.4713550537926
726,143.244753192019,-11.0267274308351
727,143.613752861153,-12.7814440077045
728,150.097931895608,-22.0326281236688
729,151.636857979278,-23.9743550596638
730,152.505052906336,-21.3816739445357
731,145.496120447373,-15.1667284086908
732,149.614277152841,-22.0558319043908
733,148.911669804364,-20.242151385199
734,150.4805000643,-20.7847615313853
735,143.504692987954,-11.7643230285908
736,143.374598015617,-12.1421816714311
737,150.15146000817,-20.4810623057871
738,150.032646315958,-20.9094750319159
739,147.298433820803,-18.6245925855035
740,146.230040066339,-16.89222603705
741,147.841244382885,-18.5816019251091
742,152.428311604728,-22.0404322819228
743,143.935207618819,-14.1501787438158
744,143.4964251488,-11.9114811075994
745,150.553760121128,-20.218429236318
746,149.706648552912,-19.8889144269029
747,144.020535883434,-10.942189544269
748,150.287717597983,-22.0241865374444
749,146.435103554167,-17.7742602046436
750,146.051378943263,-16.4137068718
751,145.026748823865,-14.4708230329964
752,150.37491881544,-19.8046536002349
753,150.593207208357,-21.0106929042561
754,145.165354349314,-14.2897144946418
755,146.38396164778,-17.5083423718675
756,150.22834024404,-21.914457009468
757,144.350065132005,-14.2601875391941
758,152.06328753361,-20.9149887483259
759,145.447698244391,-15.0176550452771
760,143.826020730162,-12.949895443832
761,143.619493486477,-11.8780957305494
762,143.041791059024,-11.4796644265193
763,148.358876028345,-19.7259728644252
764,143.270096449515,-11.4617507455804
765,149.080010951386,-19.3695174322996
766,150.540796897198,-22.2659109485072
767,149.470877634902,-20.9304838770286
768,144.952979463588,-14.4068251665527
769,150.814115046455,-20.7982703279074
770,145.715051530634,-15.6475708659455
771,152.317559541137,-21.1796691191431
772,150.223015784369,-22.2996749148814
773,147.081237990463,-18.3471322554652
774,146.43372839247,-18.8122732536268
775,146.666059895724,-18.7771116045353
776,153.149089018802,-24.6427861732344
777,152.751216135166,-22.1229060896451
778,143.676640984415,-11.8251185452584
779,148.08942000829,-19.3834364752414
780,144.992242695895,-14.7123726636921
781,151.661910320506,-20.9365483209611
782,148.659415118929,-19.4239066087115
783,152.233251090767,-21.3281269185621
784,143.363283628928,-11.8206464760267
785,151.07447625953,-20.805572258919
786,143.684215721784,-11.6232936873105
787,146.871183694262,-18.4826756607375
788,148.813786204245,-20.507970943813
789,144.974040058778,-14.5126341244577
790,149.643814912,-19.6902978166802
791,149.8339242512,-21.4549818478084
792,151.188618565065,-20.8795312876582
793,148.300498937554,-18.9469384345841
794,143.087632810706,-11.7772009429009
795,151.609777100503,-21.2487012493114
796,152.662280448796,-22.2360578614856
797,149.485508769809,-19.743782482235
798,152.630326432605,-21.702694172756
799,150.195569325449,-20.1023144084108
800,151.788770361376,-21.5229548178853
801,149.46852700672,-21.7396897862635
802,146.005786759984,-16.9229804173254
803,148.896382285641,-19.4964636685117
804,152.37426917231,-22.1356004171011
805,143.712531528287,-10.9421822363811
806,152.758255975211,-22.2018032202488
807,143.606493143378,-10.7419751754639
808,149.547547262496,-21.0301663465553
809,143.699243879245,-13.853833318121
810,152.741399155461,-22.0494669691498
811,145.862455177172,-16.546972675212
812,147.498624903765,-18.5613894443819
813,147.370137484052,-19.3511225119004
814,143.762928717501,-10.6201427327758
815,145.850617449387,-16.0360326435183
816,143.547606449894,-12.57926349445
817,152.33600510445,-21.3414201830204
818,144.454836651869,-13.9773741930018
819,149.935549339159,-21.1026268149582
820,151.018370153958,-21.7247460870133
821,152.279094683568,-23.7809852583407
822,151.860459059241,-21.6974629535809
823,151.658774162364,-22.8558527164277
824,145.795096829741,-15.5708170003728
825,151.65676460943,-20.9918378970669
826,149.151268872409,-20.9858313036952
827,151.914326795472,-21.1967384721959
828,148.38792566867,-19.1538839282687
829,149.020132815603,-19.204671326134
830,150.072295553642,-20.1897288016958
831,142.928947120419,-11.2498680019401
832,149.944752042464,-20.5456564580297
833,151.971983605169,-20.8884390378045
834,149.225981787449,-19.4590862224542
835,144.051728672608,-11.1965864361645
836,148.412993218225,-18.9687642768262
837,147.268300496868,-18.746117237623
838,146.715416450965,-17.669644616791
839,149.723140020814,-19.6081537166721
840,150.473724182473,-20.192489626045
841,146.084080372504,-17.2168248378192
842,149.783805056535,-19.5853508244618
843,143.932055720977,-10.6175574473321
844,143.171955165758,-11.2826615432502
845,152.460120399103,-21.9998661547799
846,148.26074914992,-19.0911268699527
847,146.629416787119,-19.028135971973
848,149.630080740777,-21.2669049773003
849,146.558867147477,-18.0522281973455
850,152.71542253532,-24.1132833378147
851,145.564443389613,-16.3861528404172
852,149.501905641083,-19.5834485216744
853,151.735519895979,-24.0055208035048
854,150.876544973493,-21.1992257929219
855,146.1369407976,-17.9724877111533
856,149.662210479788,-21.6533963508756
857,143.815205788777,-13.4234797005342
858,143.099634559519,-11.1744831782409
859,144.929870240975,-14.2129641987188
860,144.135255816376,-13.8558016780075
861,145.780456013511,-15.5253553133937
862,152.157564890121,-22.0256722764331
863,144.955614759512,-14.3280814202508
864,150.287139188118,-20.6551459034416
865,142.760230724749,-10.6802938697307
866,152.535323587831,-22.1050184789391
867,148.679682727653,-19.172665433222
868,147.882914277715,-19.4468311967999
869,149.030008022909,-20.1664272139637
870,152.414342241213,-22.2618711734621
871,145.648048387554,-16.3170416100607
872,148.053041834505,-18.9691495389115
873,143.970056516386,-13.7644731233411
874,146.772982412938,-18.004727991187
875,143.55067133988,-13.0697043398359
876,143.363661674354,-11.9276308181729
877,149.7027642886,-21.7982105369201
878,151.154917501727,-21.0282005954411
879,149.881211935978,-21.9848308094465
880,144.070330864347,-11.7779021566358
881,148.435897907599,-19.3216328704713
882,143.436390825361,-11.432273480015
883,151.260313410561,-21.8148697362602
884,151.620291364092,-21.5785849565929
885,146.600350429861,-17.9694202413181
886,146.010234104385,-17.1578794075041
887,143.433598156642,-11.6905921512884
888,150.37486732985,-22.0087771536344
889,147.863247878773,-18.7051472963356
890,143.787026790508,-11.312632351573
891,143.290451669417,-12.5129779412222
892,146.488912622699,-18.5564521777281
893,144.48936085501,-14.1170078103015
894,151.554994489348,-21.166822973251
895,146.33101859297,-18.6824893138965
896,143.190320755641,-10.7318045279046
897,152.736313268824,-22.2713722648311
898,152.548792665102,-22.3704493056064
899,151.692415239561,-21.654594161097
900,150.106141293055,-21.9253936988768
901,149.894933948148,-19.8456802462959
902,143.761301737032,-13.1680827613153
903,152.260702243804,-21.3865205688435
904,143.679238236534,-11.0348890221923
905,143.619800559366,-12.6960790400105
906,150.713040953926,-20.4633902533681
907,148.696316838372,-19.3514158958823
908,150.865053688152,-20.3272062108954
909,152.288734459375,-21.7859966804747
910,148.7920016374,-19.4806272691236
911,150.922536001942,-20.9656946109851
912,148.263782961151,-20.0296933687252
913,148.684964280866,-20.1868320338269
914,150.907931909495,-21.1145229019617
915,150.415019928967,-20.0872001650966
916,143.495792504794,-12.4166938004121
917,152.055085648007,-21.2998888979756
918,150.876261538744,-20.6686127825835
919,146.561135934674,-19.0980917109577
920,149.172712206998,-19.6236452924143
921,143.542260598925,-11.4241965967591
922,152.439648885412,-21.7192286910256
923,145.379257884181,-14.7106596903102
924,152.27861962324,-22.0196907826537
925,143.564577019082,-10.6210925140364
926,147.801696867342,-18.4912439518805
927,143.715477834874,-11.3711053229547
928,145.762475770769,-15.3152724395146
929,149.750077934317,-22.2644691340918
930,150.684859992947,-21.9624134713179
931,143.23045948576,-12.2484767655555
932,143.402979173817,-10.8486635587714
933,146.450566940345,-18.0785995561038
934,149.73028291674,-21.9431333997983
935,145.581804370705,-15.7765648387969
936,148.072097231381,-19.1955084724741
937,149.751226034236,-20.5423003836947
938,145.46708871983,-14.6008156648803
939,150.67142712347,-20.1534749941722
940,151.32767989985,-21.0011711943088
941,146.323644788967,-18.2354731327843
942,149.303784634462,-21.0542836364816
943,143.661696752937,-11.0948948579676
944,148.337352590979,-19.1065412242076
945,143.487109324221,-11.1069696281029
946,143.691073071653,-12.9950056708196
947,149.239271979399,-19.3055948642377
948,148.980498876707,-19.2772135011651
949,152.395576044493,-21.4688707307024
950,143.614123776454,-12.3870787678086
951,143.390125001415,-12.5187077266758
952,145.791556769472,-16.2130974095265
953,143.090832609794,-11.0699693592457
954,147.448729253987,-18.4137537040873
955,148.902665374767,-19.1224120135768
956,152.464583383776,-23.8710273407711
957,143.767771061189,-11.0113784600444
958,146.727070457827,-17.8763827813134
959,146.287411690885,-18.1496505005415
960,143.587620580608,-12.186268628161
961,143.931162047766,-11.4861701727001
962,148.778952613428,-19.3753158894452
963,147.70838651977,-18.7698290635718
964,150.782825686054,-20.2032747555494
965,144.320269271034,-14.1008421260568
966,152.344896289426,-21.681294911881
967,151.405319836567,-23.8984075784052
968,150.99501366587,-21.1121775963671
969,143.291275935555,-10.47605600977
970,151.885669051595,-21.0534260609506
971,146.346203820343,-18.9375398502846
972,143.586563858538,-10.8515715179402
973,149.829101277608,-19.9175449950368
974,148.975024035943,-20.0718655069434
975,149.689341488919,-19.7314490197129
976,143.777951871008,-13.3323535835965
977,146.726460488352,-18.2286497245505
978,143.225006975009,-11.9477732891926
979,145.675796662027,-15.4586783753295
980,150.730987179763,-20.3086945798614
981,148.624054445498,-20.0182268112183
982,144.052649251646,-13.4780803262131
983,149.631073162506,-21.847186144197
984,143.399762416969,-12.7577421956428
985,150.99851413161,-20.8138245559614
986,147.60246314399,-18.6542722032865
987,150.33861745558,-22.4337240229142
988,152.56158309785,-21.9761339543204
989,148.227738180425,-19.2355486536599
990,146.158214368548,-18.167762535678
991,146.534563964599,-17.3541837351326
992,146.115892756577,-16.5108709100772
993,149.817618631852,-21.3821371042807
994,150.361299064622,-19.8652883125311
995,149.886858149028,-20.0064989705623
996,152.330524315381,-21.4310904392531
997,148.33797299707,-19.3669030583517
998,148.392545393541,-18.8772626997521
999,152.090269485529,-21.0396609586658
1000,150.450608174307,-22.0359969951615
1001,145.998658727078,-16.7670710887545
1002,151.040347980258,-21.5835519963185
1003,151.95922504068,-21.7540741216277
1004,143.318056162987,-11.2154024054339
1005,152.552721206986,-21.0631231864235
1006,150.503746125152,-20.0878472561519
1007,150.006136249941,-22.0845549658136
1008,145.808004838703,-15.6465030764169
1009,146.180862082485,-16.8029943477064
1010,143.744675560577,-12.8393857321086
1011,152.243657365068,-21.2117603283914
1012,151.274848442734,-23.5385431592007
1013,143.816881284272,-12.2096473477127
1014,151.349332491875,-21.3810035384585
1015,143.625512642115,-13.4575272638939
1016,146.968325472633,-18.137820512487
1017,145.410372294525,-14.445010489781
1018,143.333637881341,-10.7402369989668
1019,143.629366285056,-10.9761246181475
1020,143.77804194238,-13.8445869021276
1021,143.476058484838,-12.4735173993658
1022,145.433783861146,-15.6369712363285
1023,153.125110187153,-24.5251884422614
1024,151.075553834974,-20.6784277343696
1025,143.091303628229,-10.7657736374063
1026,148.079681496451,-19.2945184668028
1027,142.992738892465,-11.0068350834828
1028,150.535193118636,-20.9407689299589
1029,145.889666958167,-16.2208887840868
1030,143.983359123809,-10.7857764420777
1031,147.016108053008,-18.2089210754715
1032,143.242126117608,-12.3550760337081
1033,149.264696413279,-19.6556504869238
1034,148.349829385139,-19.2786552753297
1035,146.129617890345,-17.0153302216168
1036,149.686889982799,-19.5555852509145
1037,145.649421177279,-15.0966038538621
1038,142.849772818145,-10.6521844932666
1039,151.540101869646,-22.644302663841
1040,145.796297541497,-15.877162301713
1041,146.744647324448,-18.325013751463
1042,147.25877396098,-18.3736650828798
1043,147.211241888732,-18.5487778032109
1044,151.917324286377,-20.8884841258409
1045,151.383163400618,-21.6066279550736
1046,149.510614921925,-21.928352035674
1047,145.685874255807,-16.7318091296209
1048,152.049229613336,-21.1212534893365
1049,143.08308080384,-11.5178593788221
1050,152.641559773014,-21.9985510328985
1051,152.087174341826,-23.6794550254426
1052,142.574535816914,-10.8278142510094
1053,143.417171072043,-11.9481316985848
1054,149.551410089253,-21.8386460854271
1055,152.673810327809,-22.6134469758232
1056,150.146309861115,-20.2442577263366
1057,151.726707772154,-23.5269193020718
1058,143.374759604331,-10.6231535592149
1059,150.775968394883,-21.1345531737735
1060,143.638747944698,-11.4887081084374
1061,144.759508307278,-14.4891398801608
1062,150.009669460134,-20.1204526971357
1063,150.575621980601,-20.1009162087156
1064,152.472885233917,-21.8105663661226
1065,150.299238374229,-22.234902077725
1066,152.514196828645,-21.8932069559157
1067,146.104643755119,-17.8107236445728
1068,145.687305244326,-16.4405239340972
1069,150.784981724233,-21.3317193861254
1070,151.519027562186,-21.6231811058725
1071,152.212093998193,-21.4512392375769
1072,143.714209124785,-12.6142544752707
1073,149.645987557133,-21.5892081441447
1074,148.880507648083,-20.0869100740147
1075,150.481457716679,-21.1229858704116
1076,150.387292521584,-20.6316611661843
1077,146.265370951738,-16.7783738495766
1078,145.698143916132,-14.8271813730268
1079,144.044352084645,-11.5950499806126
1080,145.089260228859,-14.4156613999655
1081,149.578912201458,-19.4210398173737
1082,143.361011215159,-12.4395068760431
1083,145.25120752119,-15.1624447875826
1084,150.941498867097,-21.1875563954928
1085,144.002288144312,-14.1282367545493
1086,147.538900277722,-18.4994115940939
1087,143.520989163567,-10.69328829801
1088,143.549039374897,-12.057611455719
1089,150.248498019459,-19.8893590410752
1090,143.640363381304,-13.7687908267851
1091,146.169352381506,-17.6677097170193
1092,151.609797449543,-21.0651780685318
1093,143.973178397616,-13.3246779410898
1094,151.035797729105,-20.4842384596244
1095,152.027435430437,-23.5987031100973
1096,143.604893917372,-12.5201772324456
1097,150.96857936147,-23.2066916625427
1098,151.845824651753,-21.2413523688074
1099,144.242322395943,-14.0681314433849
1100,147.425970611504,-18.6255441777066
1101,145.289264070639,-15.4807857781414
1102,145.021499375414,-14.3712625683302
1103,150.424967712394,-22.2137753520265
1104,152.361638897331,-21.9884245810836
1105,151.986258890569,-21.7127211714539
1106,147.883278057821,-18.8621489397924
1107,152.649541747184,-21.5828087877897
1108,146.546749538895,-17.6972385976158
1109,144.747707099127,-14.0661147069163
1110,148.182490237452,-19.1963724187251
1111,147.895769011297,-19.853589035171
1112,144.811565956524,-14.4327563245264
1113,143.442614558859,-10.6969787886903
1114,149.379978652614,-20.9258014529854
1115,147.13942351991,-18.4148633903688
1116,151.286545869935,-21.4845949942173
1117,152.472944127318,-21.0089346272019
1118,142.912648864424,-10.5995162248157
1119,143.319808752329,-11.0791008836222
1120,148.819476900491,-19.127014830091
1121,150.429849326965,-21.7577103060209
1122,146.586353305578,-17.888533999347
1123,149.518678103031,-19.4802359204384
1124,145.767442910796,-16.4140696910077
1125,149.041430415309,-20.239725323725
1126,146.184991782288,-17.0736066883043
1127,148.747048646801,-19.2963631410615
1128,149.278721281064,-19.2160125170476
1129,143.467961557976,-11.0465453930582
1130,143.607937543621,-13.884005139633
1131,148.455338848038,-18.897319973232
1132,151.707117457709,-21.568304665837
1133,143.789336513467,-12.5786171245243
1134,151.632923022446,-21.3268241014414
1135,147.384240308251,-18.2656984691099
1136,143.546047880312,-12.814977339455
1137,147.717245715328,-18.6465134694543
1138,150.964664273725,-20.5077071844471
1139,142.7727047893,-10.9013339533755
1140,146.002455034246,-16.3064804833575
1141,143.889958081815,-13.3175554837012
1142,149.353168407322,-19.2574981416897
1143,150.798887274222,-23.1777358159631
