Name,Lat,Lon
Addu Atoll,-0.629658222198486,73.1615676879883
Fuvahmulah Atoll,-0.299794942140579,73.4145431518555
Centurion and Ganges Banks,-7.58122968673706,70.8493347167969
Pitt Bank S,-7.25930309295654,71.4388427734375
Pitt Bank C,-7.07410001754761,71.3569107055664
Pitt Bank N,-6.95996236801147,71.1980972290039
Diego Garcia,-7.33021450042725,72.4337310791016
Unnamed reefs (GCB1),-6.6157374382019,71.6958389282227
Egmont and Danger Islands (GCB2),-6.51969766616821,71.3527297973633
Eagle Island (GCB3),-6.26526641845703,71.3861999511719
Unnamed reefs (GCB4),-6.31963205337524,71.6470031738281
Unnamed reefs (GCB5),-6.20155954360962,71.9922027587891
Unnamed reefs (GCB6),-6.07008361816406,71.5873718261719
Unnamed reefs (GCB7),-5.88501644134522,71.6727981567383
Unnamed reefs (GCB8),-5.92900991439819,71.9089508056641
Unnamed reefs (GCB9),-5.69711780548096,72.1115417480469
Nelsons Island (GCB10),-5.74156522750855,72.367317199707
Unnamed reefs (GCB11),-5.81217050552368,72.6323165893555
Unnamed reefs (GCB12),-5.94890880584717,72.3787994384766
Unnamed reefs (GCB13),-6.14600658416748,72.6324920654297
Unnamed reefs (GCB14),-6.40780115127564,72.369758605957
Cauvin Bank (GCB15),-6.70978593826294,72.2612075805664
Benares Shoals,-5.33932161331177,71.84033203125
"Victory Bank, Salomon Islands, and Blenheim Reef",-5.33153867721558,72.314582824707
Speakers Bank and Colvocoresses Reef,-4.89843940734863,72.3627471923828
Mauritius SW,-20.3691177368164,57.3820419311523
Mauritius N,-19.9987506866455,57.6751480102539
Mauritius SE,-20.3807334899902,57.7507133483887
Rodrigues,-19.7440433502197,63.3773460388184
St Brandon,-16.5856266021729,59.6190452575684
Agaléga Islands,-10.4175081253052,56.647331237793
Aldabra Atoll SW,-9.48230743408203,46.2614326477051
Aldabra Atoll NW,-9.36136722564697,46.2545433044434
Aldabra Atoll NE,-9.36826705932617,46.4584617614746
Aldabra Atoll SE,-9.45389175415039,46.4583282470703
Assomption Island,-9.7256965637207,46.5133323669434
Cosmoledo Atoll,-9.71393489837647,47.5824203491211
Astove Island,-10.0787000656128,47.7388229370117
McLeod Bank,-9.97075271606445,50.3781852722168
Bulldog Bank,-10.0197677612305,50.7775001525879
Farquhar Atoll,-10.17893409729,51.0973129272461
Umzinto Bank SW,-9.78334999084473,51.2024993896484
Umzinto Bank NE,-9.70697021484375,51.3349990844727
Providence Atoll,-9.4032564163208,51.042552947998
Saint Pierre Island,-9.33714866638184,50.7300033569336
Wizard Reef,-8.80194282531738,51.0560035705566
St François Atoll ,-7.12040948867798,52.75
Alphonse Atoll,-7.02346229553223,52.7446098327637
Marie Louise and Desnoeufs Island,-6.2088623046875,53.1011123657227
Boudeuse Cay,-6.07961177825928,52.8511123657227
Etoile Cay,-6.01773691177368,53.0699996948242
Unnamed reef,-5.78896188735962,53.1100006103516
Poivre Atoll,-5.75911378860474,53.3099975585938
Desroches Atoll,-5.64766931533814,53.6511077880859
St Joseph Atoll and D'Arros Island,-5.4245285987854,53.3304748535156
Rémire Island,-5.10390186309815,53.3327255249023
African Banks,-4.89017534255981,53.3781852722168
Platte Island,-5.9122805595398,55.3307952880859
Coëtivy Island,-7.13322448730469,56.21875
Silhouette Island and Ile du Nord,-4.4680700302124,55.2362518310547
Mahé S,-4.77189683914185,55.5099983215332
Mahé W,-4.65372800827026,55.4049987792969
Mahé NE,-4.60768795013428,55.4895210266113
Recif Island,-4.58395671844482,55.7649955749512
Frégate Island,-4.58395671844482,55.939998626709
"La Digue, Félicité Island, Marianne, Grande Soeur, and Petite Soeur",-4.334716796875,55.8663597106934
"Praslin, Curieuse, Round Island, Cousin Island, and Cousine Island",-4.31954288482666,55.7356491088867
Aride Island,-4.21505260467529,55.6699981689453
Denis Island,-3.78895735740662,55.6614265441895
Toliara,-23.4277629852295,43.6712493896484
Complexe Mikea S,-23.0495567321777,43.5075912475586
Complexe Mikea N,-22.4930915832519,43.2599983215332
Morombe,-21.9015083312988,43.2493438720703
Mangoky Delta and nearby islands,-21.1533050537109,43.695858001709
Maharivo Delta and nearby islands,-20.7375869750977,43.9131813049316
Melaky S islands,-18.3464431762695,43.895622253418
Melaky C islands,-17.4171237945557,43.695556640625
Melaky N islands,-16.4014301300049,44.2472724914551
Parc National de la Baie de Baly,-15.9803733825684,45.2304000854492
Mahajanga Delta,-15.7201557159424,46.0824394226074
Helodrano Mahajambe,-15.217565536499,46.9476013183594
Helodrano Mahajambe N,-14.8853015899658,47.2458038330078
Analalava,-14.5110235214233,47.6083602905273
Southern Barrier Reef S,-14.0724840164185,47.8452568054199
Southern Barrier Reef N,-13.6668510437012,47.9468269348145
Nosy Be,-13.3650178909302,48.3329277038574
Nosy Mitsio,-12.8991441726685,48.5922393798828
Zélée Bank,-12.3301382064819,46.5279998779297
Nosy Valiha,-12.4529800415039,48.8000030517578
Nosy Hara Reserve,-12.2066173553467,49.0082168579102
Cape Amber,-12.136830329895,49.3329200744629
Ambolobozokely,-12.5545778274536,49.6011772155762
Nosy Ankao,-12.9221792221069,49.8547515869141
Antalaha,-15.2146463394165,50.4162864685059
Parc National de Masoala,-15.8320055007935,50.1515731811523
Mananara Avaratra,-16.434591293335,49.8285675048828
Nosy Boraha,-16.9797611236572,49.8976821899414
Toamasina,-17.8282833099365,49.4914970397949
Brickaville,-19.5032234191895,48.9314270019531
Manakara,-22.148307800293,48.0333366394043
Europa Island,-22.3483390808105,40.3600044250488
Bassas da India,-21.4802646636963,39.6782836914062
Juan de Nova Island,-17.0510330200195,42.7200012207031
Glorioso Islands,-11.5232629776001,47.3514213562012
Tromelin Island,-15.8888444900513,54.523998260498
Mayotte S,-12.9576416015625,45.0874557495117
Mayotte E,-12.7748775482178,45.2376098632813
Mayotte NW,-12.6648578643799,45.0275268554688
Réunion,-21.1952304840088,55.3328971862793
Nzwani,-12.2110795974731,44.3950691223145
Mwali,-12.3534717559815,43.7444458007812
Ngazidja SE,-11.8554544448853,43.480770111084
Ngazidja SW,-11.7678985595703,43.1964302062988
Ngazidja N,-11.4803686141968,43.3432579040527
Guiducua,-23.2713375091553,35.5
Vilanculos,-22.1993980407715,35.5400047302246
Parque Nacional do Bazaruto,-21.5686664581299,35.4079971313477
Primeiras Islands,-17.1755275726318,38.9851455688477
Segundas Islands,-16.6024227142334,39.7773284912109
Reefs north of the Segundas Islands S,-16.121395111084,40.2094993591309
Reefs north of the Segundas Islands N,-15.6568231582642,40.4669227600098
Mozambique Island,-15.112099647522,40.7169227600098
Nacala,-14.5524778366089,40.7920761108398
Memba S,-14.152045249939,40.6751899719238
Memba N,-13.660737991333,40.5924110412598
Pemba,-13.0807933807373,40.5843467712402
Southernmost Quirimbas,-12.5467653274536,40.6167221069336
St Lazarus Bank,-12.1955089569092,41.4016227722168
"Quirimba, Ibo, and Matemo Islands",-12.0993566513062,40.5714797973633
Quiterajo,-11.7296104431152,40.5871887207031
Mocimboa da Praia,-11.3900604248047,40.5517578125
"Metundo, Vamizi, and Rongui Islands",-11.053035736084,40.6420440673828
Palma,-10.6831502914429,40.5971870422363
Mongo Island,-10.2843542098999,40.3539161682129
Mikindani Bay,-10.1989526748657,40.1761283874512
Lindi,-10.0264263153076,39.8887825012207
Mchinga,-9.71188545227051,39.7582321166992
Kisongo,-9.37960529327393,39.6556510925293
Kilwa Kisiwani and Songa Mnara Islands,-9.05581474304199,39.5909957885742
Songo Songo Islands S,-8.82572746276856,39.5418853759766
Songo Songo Islands C,-8.55892086029053,39.4873313903809
Songo Songo Islands NW,-8.34731674194336,39.3827438354492
Songo Songo Islands NE,-8.33635139465332,39.554759979248
Mafia Island SE,-8.01682186126709,39.7322311401367
Mafia Island N,-7.69152545928955,39.7540588378906
Mafia Island SW,-7.94768905639648,39.5583915710449
Kwale Island,-7.4896993637085,39.4744186401367
Buuni,-7.235915184021,39.5092887878418
Latham Island,-6.89461374282837,39.9375
Dar es Salaam S,-6.86603212356567,39.431999206543
Dar es Salaam N,-6.63434982299805,39.2371444702148
Bagamoyo,-6.45777082443237,39.0300025939941
Reefs west of Zanzibar,-6.18345165252686,38.9177742004395
Zanzibar W,-6.16138982772827,39.133731842041
Zanzibar SW,-6.36267280578613,39.3039398193359
Zanzibar SE,-6.37120246887207,39.542781829834
Zanzibar E,-6.0890007019043,39.468334197998
Zanzibar N,-5.82561635971069,39.3019180297852
Mkwaja,-5.79438543319702,38.8845481872559
Maziwe Island and Pangani,-5.54667282104492,39.0173950195312
Kilale,-5.28294134140015,39.1063995361328
Tanga,-5.02995681762695,39.2000007629395
Dumbani,-4.80961894989014,39.2635688781738
Pemba S,-5.42941427230835,39.6333312988281
Pemba E,-5.24905920028687,39.845516204834
Pemba N,-4.86327362060547,39.7731513977051
Pemba W,-5.17221212387085,39.6449279785156
Kisite Marine National Park,-4.68640804290772,39.3688354492187
Ukunda,-4.43031644821167,39.5388259887695
Mombasa,-4.12676477432251,39.6770362854004
Kilifi,-3.63475346565247,39.8950004577637
Watamu,-3.35852289199829,40.0515785217285
Tana Delta,-2.85103106498718,40.2366676330566
North Tana Area,-2.55003237724304,40.6730041503906
Lamu Island,-2.24830102920532,40.982105255127
Pate Island,-2.108402967453,41.1943740844727
Kiunga Marine National Reserve,-1.80715346336365,41.4799919128418
Ras Kamboni,-1.39419829845429,41.7581825256348
Burgabo,-1.09465157985687,41.9824981689453
Bajuni Islands,-0.837605595588684,42.1856231689453
